"","wt","wt_std","mko","mko_std","tko","tko_std"
"1",0.0201986448965844,0.263179569630769,0.0224000000005153,138077127601583,0.0668305034050485,0.434219170852646
