"","wt","mko","tko"
"1",0.00316832661744299,0.00285696001163639,0.000119704859202178
